appTitle,userName,date,score,Category,date_ex,processed_text,wordcount,Rating,User Experience,Bug Report,Feature Report
Helix Jump,wan husna,"April 14, 2019",5,GAME_ACTION,2019-04-14,A great game to be during times  Nice,8.0,1,,,
Pandora Music,taja sims,"March 13, 2019",5,MUSIC_AND_AUDIO,2019-04-01,I truly love pandora,4.0,1,,,
Lose Belly Fat in 30 Days - Flat Stomach,,"December 15, 2018",5,HEALTH_AND_FITNESS,2019-03-24,I need all the help I need 5ft and I need to lose my stomach for my hip I need a new one so the weight to Goff,28.0,,,,
Roblox,Reece McBratney,"March 24, 2019",3,FAMILY,2019-03-24,it  s not great but it  s good,8.0,1,,,
ABCmouse.com,A Google User,"February 22, 2018",5,EDUCATION,2019-04-07,I think this is cool this is learning and and I love this ,13.0,,1,,
Bowmasters,manishatse douce,"April 11, 2019",5,GAME_ACTION,2019-04-14,that game was awesome,4.0,1,,,
Drink Water Reminder: Water Tracker & Alarm,Gloria Gentle,"April 4, 2019",5,HEALTH_AND_FITNESS,2019-04-14,This is great  Sorry to say  I get so busy I need to drink water ,15.0,,1,,
Headspace: Meditation & Sleep,SHREENATH KAMBLE,"January 19, 2019",1,HEALTH_AND_FITNESS,2019-04-07,I don  t want to give even 1 star to this  It  s a fraud  My request to all Don  t use use this  Even after i it is showing  Subscribe to unlock  after Unsubscribing They  t though,38.0,,,1,
Venmo Mobile Wallet: Send & Receive Money,John Doe,"March 31, 2019",5,FINANCE,2019-04-07,superb all around ,3.0,1,,,
Lose It! - Calorie Counter,Ronald Beabout,"July 23, 2018",3,HEALTH_AND_FITNESS,2019-04-07,Your bar code feature  t work properly  It won  t even take me to where I can see the food in the view finder   Fix it ,26.0,,,1,
Snowball.io,,"March 8, 2019",5,GAME_ACTION,2019-03-08,it is a amazing game that i cant ,8.0,1,,,
Battle Royale: FPS Shooter,A Google User,"March 11, 2019",5,GAME_ACTION,2019-04-14,this game is nice then any game,7.0,1,,,
ABCmouse.com,Tara M.,"February 15, 2019",4,EDUCATION,2019-03-24,My daughter  4y  o  this so much and I can tell that she is learning a lot more  However  the on,21.0,,1,,
,xavier ragland,"April 29, 2019",3,MUSIC_AND_AUDIO,2019-05-01,i give this a 3 now cause i pay for premium i should be able to listen to anything but certain artist at least once a month,27.0,,,1,
Tomb of the Mask,Sherena Ramirez,"April 1, 2019",5,GAME_ACTION,2019-04-21,the game is amazing it  s a total time killer,10.0,1,,,
Tubi - Free Movies & TV Shows,Josesito Drigo,"April 29, 2019",5,ENTERTAINMENT,2019-05-09,it  s great,3.0,1,,,
Super Bino Go - New Games 2019,Sudharshitha P,"April 5, 2019",5,FAMILY,2019-04-14,i love this game much ,5.0,1,,,
Love Poly - New puzzle game,Danielle Moore,"February 18, 2019",4,FAMILY,2019-04-07,It  s really fun and,5.0,1,,,
Duolingo: Learn Languages Free,ana briseño,"April 14, 2019",5,EDUCATION,2019-04-14,we love it,3.0,1,,,
Sweatcoin Pays You To Get Fit,Tea Wee,"March 6, 2019",1,HEALTH_AND_FITNESS,2019-04-07,Terrible  Went running   t count a single step ,8.0,,,1,
Fresh EBT - Food Stamp Balance,,"March 3, 2019",5,FINANCE,2019-03-24,Excellent  Thanks so much ,4.0,1,,,
Helix Jump,Karma Wade,"April 6, 2019",5,GAME_ACTION,2019-04-07,It is a very game that I spend hour on ,10.0,1,,,
Amazon Alexa,Mike Walsh,"December 21, 2018",1,MUSIC_AND_AUDIO,2019-03-09,Do not update  Keep your older version  wish I saw all the about the update first  but I didnt look  Like many I am getting all the time now from not  None of this was an issue before the update  The working error coming up about 20 times a day  so i just keep sending log to the dev for a fix  Uninstalled and the  but still no luck  Keep your old version  I am running Android 8  0 on V20,81.0,,,1,
slither.io,Brandon Ryan,"February 10, 2019",5,GAME_ACTION,2019-03-08,other say  TOO MANY  there to have,7.0,,,,
Quizlet: Learn Languages & Vocab with Flashcards,Kriss Wheeler,"January 27, 2019",5,EDUCATION,2019-04-14,Love this  helping me study and succeed,7.0,,1,,
Free Music Player – Online & Offline MP3 Player,Riley Inglis,"December 18, 2018",1,MUSIC_AND_AUDIO,2019-04-21,the that it is  but it  it and it all of the time ,13.0,,,,
,Rashard Wilkinson,"February 25, 2019",1,LIFESTYLE,2019-05-01,money to see result total con,6.0,,,,
Tomb of the Mask,A Google User,"March 25, 2019",5,GAME_ACTION,2019-04-07,heart pleasing  yeah it is good job,7.0,1,,,
Amazon Music,Peter Murray,"April 10, 2019",5,MUSIC_AND_AUDIO,2019-04-14, and this is far easier and ,6.0,1,,,
Snowball.io,Carlo B.,"April 5, 2019",5,GAME_ACTION,2019-04-14,I and won,3.0,,,,
TurboTax Tax Return App – Max Refund Guaranteed,Steve Hamilton,"April 8, 2018",1,FINANCE,2019-03-08,I got a 1099 this year and me to pay 119 to file it  Do not use this if you  re self  employed,23.0,,,1,
Kahoot!,Jorgefango 5479 games and more,"January 22, 2018",1,EDUCATION,2019-05-09,I HATE HIS GAME,4.0,1,,,
SmartThings,john buchanan,"March 22, 2019",5,LIFESTYLE,2019-03-24,really great update,3.0,1,,,
Battle Royale: FPS Shooter,A Google User,"March 9, 2019",5,GAME_ACTION,2019-04-01,it is good,3.0,1,,,
,Brandon Owens,"March 19, 2019",5,FINANCE,2019-05-01,Very simple and easy to use  Only thing i can see that could be is making sure the user to swipe right for the next page ,26.0,,,,1
"iHeartRadio - Free Music, Radio & Podcasts",S Vacca,"March 14, 2019",5,MUSIC_AND_AUDIO,2019-03-24,Works well with the Android to 9  0 Pie,9.0,1,,,
PayPal Mobile Cash: Send and Request Money Fast,dchap3670,"April 15, 2019",5,FINANCE,2019-04-21,quick and easy process ,4.0,1,,,
SoundCloud - Music & Audio,,"February 28, 2019",5,MUSIC_AND_AUDIO,2019-03-09,i love it,3.0,1,,,
Calorie Counter - MyFitnessPal,Matthew Sleeman,"April 10, 2019",5,HEALTH_AND_FITNESS,2019-04-14,track calorie and also once diary how much you could weigh ,11.0,,1,,
Venmo Mobile Wallet: Send & Receive Money,yadira escalante,"April 15, 2019",5,FINANCE,2019-05-09,really good i dont have to drive to deposit money,10.0,,1,,
Bank of America Mobile Banking,Kkelly Floridino,"March 7, 2019",4,FINANCE,2019-03-08,love your  hate the line up of the Bill  s in bill pay now   t displayed clearly  should have left that alone ,22.0,,,1,
Family Locator - GPS Tracker,Jade Budiao,"March 26, 2019",1,LIFESTYLE,2019-04-14,useless  the person you need to track have to check in first where ever they are before you see their location  total useless for the purpose of ,27.0,,1,,
TurboTax Tax Return App – Max Refund Guaranteed,Mavitel Mata,"February 6, 2019",1,FINANCE,2019-04-07,I tried filing this year turbo tax  But I was because I  t know my from 2017  They me to the and they ask me to verify my identity with a loan or a credit card number which I don  t have  so now I just hope they don  t charge me especially after all that extra work I had to do instead of going to get them done,69.0,,1,,
Ms.Sibyl - See Future Me,A Google User,"March 31, 2019",1,LIFESTYLE,2019-05-09,everything is expensive not paying for this,7.0,,1,,
Fresh EBT - Food Stamp Balance,V Stewart,"February 15, 2019",3,FINANCE,2019-03-24,I  not had any that have in the  So far so good  Easy to use ,15.0,1,,,
WildCraft: Animal Sim Online 3D,Sue,"February 3, 2019",5,FAMILY,2019-04-14,a very good game the are so cute i rate it five ,12.0,1,,,
"iHeartRadio - Free Music, Radio & Podcasts",Christina Wooff,"March 27, 2019",5,MUSIC_AND_AUDIO,2019-04-21,I like listening to the local radio on here  Really good ,11.0,1,,,
"Hulu: Stream TV, Movies & more",ryb gamer,"March 15, 2019",5,ENTERTAINMENT,2019-04-14,This is just a question  If you delete your hulu and it later it  t put your account back and i forgot my password but when you and it is your payment for each month be or will it stay cause please tell me it if it doesnt tell me a way to cancel the member ship,57.0,,,,
Free Music Player – Online & Offline MP3 Player,A Google User,"March 11, 2019",3,MUSIC_AND_AUDIO,2019-04-01,i like it but way to much that the pause my music,12.0,,1,,
"Pixel Art: Color by Number, Pixel Color",Adrian Trujillo,"October 4, 2018",3,ENTERTAINMENT,2019-04-01,It is a fun game ,5.0,1,,,
DisneyNOW – Episodes & Live TV,Holly Forman,"March 3, 2019",3,FAMILY,2019-04-01,I like it but it is actually sad cause if you don  t have a provider then most of your are locked   and most of the are hard so change that thanks ,32.0,,,,1
Drum Pad Machine - Make Beats,A Google User,"March 18, 2019",5,MUSIC_AND_AUDIO,2019-04-14,I like it can make own music,7.0,1,,,
Headspace: Meditation & Sleep,Mahesh T,"January 29, 2019",5,HEALTH_AND_FITNESS,2019-04-21,this is awesome  very easy and  and world class support  delighted,11.0,1,,,
Zelle,Val Finn,"August 1, 2018",5,FINANCE,2019-04-21,This is a life saver  Very convenient ,7.0,1,,,
Tinder,sathish kumar,"April 4, 2019",1,LIFESTYLE,2019-04-14,worst don  t waste your time,6.0,1,,,
Apple Music,Marvin Ling,"March 16, 2019",3,MUSIC_AND_AUDIO,2019-04-14,The is great but please fix playback  if phone screen is locked the music will stop after 5  10 or so  no such problem,24.0,,,,1
,krishnasai badam,"April 22, 2019",4,GAME_ACTION,2019-05-01,It is quite to play at starting and but after more than 20 u will easily get,17.0,,,,
,WAGGLES Academy for Dogs Inc,"March 20, 2019",5,EDUCATION,2019-05-01,Very useful  no ,3.0,1,,,
Ms.Sibyl - See Future Me,lets Tim Tok,"March 23, 2019",5,LIFESTYLE,2019-04-07,it  s a good but it needs,7.0,1,,,
Tubi - Free Movies & TV Shows,Christine Warren,"May 4, 2019",5,ENTERTAINMENT,2019-05-09,The are great,3.0,1,,,
Roku,Mervin Yazi,"April 5, 2019",5,ENTERTAINMENT,2019-04-07,very good this ,3.0,1,,,
,A Google User,"February 12, 2019",5,EDUCATION,2019-05-01,They really care about their and the experience  Reliable  easy to use  and super helpful ,15.0,,1,,
,A Google User,"February 1, 2015",1,FINANCE,2019-05-01,Broke Fix was working evening i checked it again and this morning still the same stuff the update like it got worser please fix not working either,27.0,,,1,
Duolingo: Learn Languages Free,Marcus LeeRoy,"April 15, 2019",4,FAMILY,2019-04-21,Can you please one day add the language  ,8.0,,,,1
Roku,Amanda F,"March 3, 2019",4,ENTERTAINMENT,2019-03-13,I absolutely love this  I just wish it was available on higher  you can  t get it  to my knowledge  the galaxy s7,23.0,,,1,
Toca Kitchen 2,D T,"January 25, 2019",5,FAMILY,2019-04-14,Please Make A Kitchen 3,5.0,,,,1
Toca Kitchen 2,racheal Wallace,"March 3, 2019",5,FAMILY,2019-04-14,because you have good,4.0,,,,
Love Poly - New puzzle game,Melissa Peterson,"March 20, 2019",5,FAMILY,2019-04-01,we love your good game so far,7.0,1,,,
Pandora - Streaming Music & Podcasts,Caralia Silva,"April 15, 2019",5,MUSIC_AND_AUDIO,2019-04-21,I have never it ,4.0,,,,
CVS/pharmacy,,"October 27, 2018",3,HEALTH_AND_FITNESS,2019-03-24, it is what it is ,5.0,1,,,
Photomath,Manish Kumar pandey,"May 5, 2019",5,EDUCATION,2019-05-09,its very good of mathematics,5.0,1,,,
Google Classroom,Satya Rockz,"March 28, 2019",1,EDUCATION,2019-05-09,dumb its getting low on speed  not getting to view the content posted by as fast as by through wa,20.0,,1,,
Tinder,Noya san,"March 29, 2019",1,LIFESTYLE,2019-04-07,this is practically useless if you dont pay  not sure of how much it when you do ,17.0,,1,,
,Oohh Shiitt,"April 23, 2019",1,MUSIC_AND_AUDIO,2019-05-01,add after every single time i open the and play a song i only get 1 song in before a stupid ad thats,23.0,,,1,
SmartThings,Troy Mason,"February 3, 2019",3,LIFESTYLE,2019-03-24,I use the hub through my Shield box  One of the biggest I have with this interface is that the hub will do a forced update EVERY single time I boot up my Shield  This boot up is something I do several times a day and the update FOREVER  This is a time factor independent of speed  I have connected to my Shield  It is a setting that cannot be ,70.0,,,1,
ABCmouse.com,,"August 21, 2018",5,EDUCATION,2019-03-08,I love This Game,4.0,1,,,
Bank of America Mobile Banking,Sun Ce,"April 14, 2019",5,FINANCE,2019-04-21,Great  Better than most ,4.0,1,,,
Drink Water Reminder: Water Tracker & Alarm,xxx.itsyagurlucyxxx lol,"March 17, 2019",5,HEALTH_AND_FITNESS,2019-03-24,really good I  m really happy drinking water,8.0,1,,,
Lose It! - Calorie Counter,Suzanne Penley,"February 21, 2019",4,HEALTH_AND_FITNESS,2019-05-09,really easy to use  Would however like to have water monitor included in this level ,15.0,,1,,
Apple Music,Lebogang Nkosi,"February 25, 2019",3,MUSIC_AND_AUDIO,2019-04-21,t working  S9 Plus running Android Pie,7.0,,,,
Tinder,Shlok Kulkarni,"April 2, 2019",5,LIFESTYLE,2019-04-14,I get too many  Hala tinder ,6.0,,,,
Samsung Health,Hein Minn,"April 7, 2019",5,HEALTH_AND_FITNESS,2019-05-09,V Like it ,3.0,1,,,
ClassDojo,its queen jess!!!!,"October 18, 2018",5,EDUCATION,2019-04-07,I love it but just upgrade it a bit,9.0,,,,1
STARZ,Fredrick Dwayne Patton,"September 23, 2018",5,ENTERTAINMENT,2019-03-24,Always been a fan love power to,7.0,1,,,
SoundCloud - Music & Audio,A Google User,"March 22, 2019",1,MUSIC_AND_AUDIO,2019-04-07,it is not working,4.0,,,1,
"Calm - Meditate, Sleep, Relax",GalaxyCat,"March 12, 2019",5,HEALTH_AND_FITNESS,2019-05-09,I it  alas it to be for and I wish for it to be free please  I have trouble sleeping each night without music and I love it but please take off the  Thank you all and good night ,39.0,,,,1
Spotify - Music and Podcasts,Lawson Harkins,"April 20, 2019",5,MUSIC_AND_AUDIO,2019-04-21,pretty good wit premium,4.0,1,,,
"Notepad - Notes with Reminder, ToDo, Sticky notes",ANN H Wagner,"January 29, 2019",5,LIFESTYLE,2019-03-13,very easy to use and does what It  thank you,10.0,1,,,
The PCH App,A Google User,"March 14, 2019",5,LIFESTYLE,2019-04-07,would like to have a card instead of target,9.0,,,,1
Google Classroom,aniket chattopadhyay,"August 20, 2018",4,EDUCATION,2019-04-07,I think it is a good ,6.0,1,,,
Kahoot!,Gioconda Butler,"June 27, 2018",5,EDUCATION,2019-04-14,It  s so fun,4.0,1,,,
Duolingo: Learn Languages Free,Kyle Coleman,"April 9, 2019",5,EDUCATION,2019-04-14,Easy to use  Good program whether you choose free or Plus ,11.0,,1,,
Samsung Health,Marcus Lohre,"February 28, 2019",1,HEALTH_AND_FITNESS,2019-03-16,I will never use it  ever ,6.0,1,,,
Quizlet: Learn Languages & Vocab with Flashcards,Evangelos Raptodimos,"January 20, 2019",5,EDUCATION,2019-04-14,Great way to learn and quiz yourself ,7.0,,1,,
Lose It! - Calorie Counter,Sequoia Powers,"July 21, 2018",5,HEALTH_AND_FITNESS,2019-04-01,Easy to use  Ability to enter food in    is really helpful  My main food challenge is portion control  so this is perfect for me ,24.0,,1,,
Bank of America Mobile Banking,Monika Simonson,"March 19, 2019",5,FINANCE,2019-03-24,I  t want to be anywhere else but with,9.0,,,,
"Calm - Meditate, Sleep, Relax",Malcolm Guidry,"January 30, 2019",5,HEALTH_AND_FITNESS,2019-04-01,I work for a large law firm in and frequently go to  This me greatly in dealing with the stress that these ,22.0,,1,,
Bowmasters,Sabrina Bethea,"April 12, 2019",5,GAME_ACTION,2019-04-14,extremely fun  great way to pass the time,8.0,1,,,
Kahoot!,Cesar Corona,"October 27, 2018",4,EDUCATION,2019-03-08,I like but is very hard make the but is cool,11.0,1,,,
"Notepad - Notes with Reminder, ToDo, Sticky notes",,"December 18, 2018",5,LIFESTYLE,2019-03-24,good  exactly what I need  thank you ,7.0,1,,,
Tomb of the Mask,karena anerak,"March 27, 2019",1,GAME_ACTION,2019-04-07,i never write but  THIS GAME ,6.0,1,,,
Ms.Sibyl - See Future Me,ZzWatermelonJuicezZ,"March 24, 2019",1,LIFESTYLE,2019-03-24,This is the worst in the world it just money when you can rate i will come straight to this it is a fake too i know that i got an add then it and guess the freak what  it nowhere near what it like in the add  NOT HAPPY   ,50.0,,1,,
Photomath,senuke nuke,"March 31, 2019",5,EDUCATION,2019-04-21,this is perfect,3.0,1,,,
,Colby Jennings,"March 17, 2019",5,FINANCE,2019-05-01,easy to use,3.0,1,,,
"Calm - Meditate, Sleep, Relax",Tishonie Chaudion,"February 26, 2019",5,HEALTH_AND_FITNESS,2019-04-01,i love this Great start and meditation in,8.0,1,,,
Amazon Alexa,Tiger Lee,"March 11, 2019",1,MUSIC_AND_AUDIO,2019-05-09, T WORK AT ALL  ,4.0,1,,,
Bitmoji – Your Personal Emoji,Fine Ass Amy Fresh,"March 22, 2019",5,ENTERTAINMENT,2019-03-24,I love this ,3.0,1,,,
Photomath,sage powdrell,"April 28, 2019",5,EDUCATION,2019-05-09,i find it to be a very and efficient way to solve math on various and,16.0,,1,,
Tag with Ryan,Guyguy Kiamenga,"April 21, 2019",5,FAMILY,2019-05-09,It  s fun and a real on,7.0,1,,,
Lose It! - Calorie Counter,Steven Schumacher,"March 14, 2019",3,HEALTH_AND_FITNESS,2019-03-16,Good  Food page could be organized better  maybe show the top 3 for each letter and then be able to expand for the rest  My list of is getting long and its a pain to find repeat  Also  could add the option to sort by food type  meat  cheese,49.0,,,,1
Lose It! - Calorie Counter,Lisa Marie Crowe,"August 31, 2018",5,HEALTH_AND_FITNESS,2019-04-01,Love it  is easy,4.0,1,,,
Sweatcoin Pays You To Get Fit,Nellieis Deadinside,"March 30, 2019",2,HEALTH_AND_FITNESS,2019-04-01,it 1  000 is  1  but I  m sitting at 11  230 and I  made  2,16.0,,,,
Tag with Ryan,A Google User,"February 12, 2019",5,FAMILY,2019-04-14,my brother this game he all the  s,8.0,,,,
Amazon Alexa,Jun Chen,"January 31, 2019",1,MUSIC_AND_AUDIO,2019-04-14,not friendly to other  You need to change your system to to keep working,14.0,,,1,
Bitmoji – your personal emoji,Starri Gnostic,"April 10, 2019",5,ENTERTAINMENT,2019-04-21,I  m hooked after I found out they had my unique new hair color  Now I  made one on 5 friend  s so they can all use one  too  Some of them have trouble getting direct access through their messenger  s keyboard  but other than that it  s awesomely fun,50.0,,,1,
"Hulu: Stream TV, Movies & more",,"December 28, 2018",5,ENTERTAINMENT,2019-03-13,i love this,3.0,1,,,
Amazon Alexa,A Google User,"January 30, 2019",1,MUSIC_AND_AUDIO,2019-04-07,the more it the worse it to my  I dont use it for much for than  I have to close manually get the to play  for 30min  then nothing  yell to continue  and 1 out of 5 continue  the rest I have to force close and restart  So annoying  wont be a new one once it completely or I decide to physical destroy and just cable in my  is SO,70.0,,,1,
Google Play Games,Mukesh Saini,"April 11, 2019",5,ENTERTAINMENT,2019-04-14,it is a to play many,6.0,,,,
Tomb of the Mask,mridula Madaan,"March 27, 2019",5,GAME_ACTION,2019-04-21,tomb  of  the  mask  game  is  very  good,8.0,1,,,
Tinder,"Lyle, Watson","April 6, 2019",1,LIFESTYLE,2019-04-14,Help  I just got a new match and it  But few go by  I get a notification from said match  But I go to open the again and my match is still not showing up  What is going on ,39.0,,,1,
,William Oliveira,"April 29, 2019",5,EDUCATION,2019-05-01,Even better than before  Great system and  Really easy to use and learn ,13.0,1,,,
TurboTax Tax Return App – Max Refund Guaranteed,Ash Green,"April 13, 2019",1,FINANCE,2019-05-09,Surprise at the end  Ended up costing about  150 to file because they require deluxe to file schedule 4,19.0,,1,,
STARZ,A Google User,"December 3, 2018",5,ENTERTAINMENT,2019-04-21,It  s pretty awesome,4.0,1,,,
Sweatcoin Pays You To Get Fit,Joe Speeder,"March 6, 2019",5,HEALTH_AND_FITNESS,2019-03-24,run run run,3.0,,,,
ClassDojo,emerald block,"January 25, 2019",5,EDUCATION,2019-04-21,is a very good way to keep up on your child  s progress on a daily basis ,17.0,,1,,
,Heero 1447,"April 20, 2019",1,LIFESTYLE,2019-05-01,Now this endlessly that you have already on  Don  t waste any money on this garbage ,16.0,1,,,
PUBG MOBILE,Vikas Rathore,"April 21, 2019",5,GAME_ACTION,2019-04-21,this is tha best game of,6.0,1,,,
TurboTax Tax Return App – Max Refund Guaranteed,A Google User,"February 20, 2019",1,FINANCE,2019-04-01,I hate this and will never use turbo tax again ever ,11.0,1,,,
"Hulu: Stream TV, Movies & more",Sean Schlink,"January 31, 2019",1,ENTERTAINMENT,2019-03-24,Use to be able to use this without any issue for a long time  Just tried to log in and say I need to log in first at my house  never had to do that before  tried my password and still waiting for the after a couple  need to fix the mobile pretty bad hulu ,55.0,,,1,
,Traci Keith,"March 27, 2019",5,FINANCE,2019-05-01,easy to use  very helpful,5.0,1,,,
Lose Belly Fat in 30 Days - Flat Stomach,joy baylor,"March 28, 2019",5,HEALTH_AND_FITNESS,2019-05-09,love it  but wish it will to auto play after each without to click any buttons,16.0,,,,1
Fantastic Face – Daily face & Beauty Competition,A Google User,"February 23, 2019",1,LIFESTYLE,2019-04-07,charge me for every thing,5.0,,1,,
slither.io,Sad Otaibi,"March 20, 2019",4,GAME_ACTION,2019-04-01,Nice game but there is not sound and music,9.0,1,,,
Minion Rush: Despicable Me Official Game,stela zabileva,"March 22, 2019",5,FAMILY,2019-03-24,good game try this  game out,6.0,1,,,
Google Play Games,mohammed shehnaz Faiz,"April 17, 2019",5,ENTERTAINMENT,2019-04-21,very nice trial,3.0,1,,,
Photomath,,"February 25, 2019",5,EDUCATION,2019-03-08,got me 100,3.0,,,,
"Hulu: Stream TV, Movies & more",,"February 24, 2019",4,ENTERTAINMENT,2019-03-24,It  s a good streaming service  but the biggest issue is easily the  The ad length is way too long  Going up to 90  Just  no  The ad length should be at the most  30  not 90  But everything else is fine,42.0,,,1,
Fitbit,L Nel,"April 9, 2019",5,HEALTH_AND_FITNESS,2019-04-14,Can  t since last update  and now it won  t let me log in  password reset option  t available  I  d give the more if I could use it ,29.0,,,1,
,Michael Friedhaber,"April 21, 2019",4,MUSIC_AND_AUDIO,2019-05-01,could be easier to use,5.0,1,,,
Duolingo: Learn Languages Free,Jon Murphy,"May 3, 2019",5,EDUCATION,2019-05-09,I this to learn for an upcoming trip  A week later  i got an in and I was able to understand much of it ,24.0,,1,,
Roku,Jessica Etienne,"March 30, 2019",5,ENTERTAINMENT,2019-04-01,I love it ,3.0,1,,,
YouTube Music - Stream Songs & Music Videos,Deepak,"April 30, 2019",4,MUSIC_AND_AUDIO,2019-05-09,literally awesome sound quality  but it needs some work on home page  it super messy ,15.0,,,,1
Netflix,Aman Khurana,"April 16, 2019",5,ENTERTAINMENT,2019-04-21,One of the best on the store ,7.0,1,,,
Roblox,,"March 13, 2019",5,FAMILY,2019-03-13,I just love it for some reason,7.0,1,,,
"Hulu: Stream TV, Movies & more",Carrie Yancey,"March 20, 2019",5,ENTERTAINMENT,2019-03-24,love it all the variety of different of and,9.0,1,,,
Amazon Alexa,Tony Jose,"December 20, 2018",1,MUSIC_AND_AUDIO,2019-03-09,can  t use this,4.0,1,,,
,Cynthia Cornett,"April 28, 2019",5,LIFESTYLE,2019-05-01,love this  i can locate my son anywhere ,8.0,1,,,
Zelle,Joanna Thomas,"April 23, 2019",4,FINANCE,2019-05-09,I sometimes have trouble with someone the first time  but after that the is great ,15.0,1,,,
Tomb of the Mask,Marco Lee,"April 1, 2019",2,GAME_ACTION,2019-04-21,I really the game  But It 30sec advertise so frequently that interfere with the every progress and patience,18.0,,,1,
Duolingo: Learn Languages Free,A Google User,"March 31, 2019",5,EDUCATION,2019-04-01,bite size great,3.0,1,,,
Duolingo: Learn Languages Free,Pratibha Tiwari,"March 24, 2019",1,FAMILY,2019-03-24,It learn but  t show the option worthless,8.0,,,,
The PCH App,Amanda Cole,"March 11, 2019",5,LIFESTYLE,2019-04-07,They are doing a great job  I love the it is so easy to use  Its is fun to play the ,21.0,1,,,
ABCmouse.com,A Google User,"May 26, 2018",5,EDUCATION,2019-05-09,It  s a good game for little to learn so much,11.0,1,,,
Fresh EBT - Food Stamp Balance,Jessica Friend,"January 20, 2019",5,FINANCE,2019-03-08,it does take a good minute for to refresh  other than that not bad  no more receipts to be kept and helping save  one receipt and person at a time ,30.0,,1,,
Fresh EBT - Food Stamp Balance,A Google User,"February 20, 2019",5,FINANCE,2019-04-21,never have had a problem,5.0,1,,,
Duolingo: Learn Languages Free,Tavi Octavian,"April 7, 2019",1,FAMILY,2019-04-07,end this i want my back,6.0,1,,,
Duolingo: Learn Languages Free,Jessica Yang,"April 1, 2019",1,EDUCATION,2019-04-07,Prepare to be a lab rat and have crucial go missing,11.0,,,,
Drink Water Reminder: Water Tracker & Alarm,Kishore Cool,"April 5, 2019",5,HEALTH_AND_FITNESS,2019-04-14,excellent for summer,3.0,1,,,
STARZ,Shari DeClercq,"March 6, 2019",5,ENTERTAINMENT,2019-03-24,I am very happy with the that are on  Outlander is one of my favorite series ,16.0,1,,,
,Joseph Owen,"April 17, 2019",5,FINANCE,2019-05-01,great  great advice  credit karma help me raise my credit score considerably ,12.0,,1,,
Fantastic Face – Daily face & Beauty Competition,A Google User,"January 20, 2019",5,LIFESTYLE,2019-04-07,good good luck ,3.0,,,,
Zelle,Gino Ciferri,"January 2, 2019",1,FINANCE,2019-04-07,My bank is not listed on the link bank is not listed will not accept my first name saying invalid name  ,21.0,,,1,
"iHeartRadio - Free Music, Radio & Podcasts",Mark Garrett,"February 25, 2019",2,MUSIC_AND_AUDIO,2019-03-09,constantly  Some of the  like Morning Glory  every show when trying to listen to old  Can  t even listen at this point ,22.0,,,,
ClassDojo,"Anthony ,","February 11, 2019",1,EDUCATION,2019-04-14,i not cool,3.0,,,,
Remind: School Communication,Tonya Barton,"January 14, 2019",2,EDUCATION,2019-03-24,I am not too with this  It works for some but not for  I hope my granddaughter  s teacher to another  especially since will no longer support the text ,29.0,,1,,
Lose Belly Fat in 30 Days - Flat Stomach,Fatima Imad,"March 1, 2019",5,HEALTH_AND_FITNESS,2019-04-21,thank you for this  I hope it  s give me good result ,12.0,1,,,
,Virginia Hickman,"March 26, 2019",4,HEALTH_AND_FITNESS,2019-05-01,Wherever I need to I be Calm me there  Peacefully I go without fear ,14.0,1,,,
Lose It! - Calorie Counter,Symone Murdock,"May 10, 2018",4,HEALTH_AND_FITNESS,2019-03-16,The biggest downside to this is that it you to upgrade to the version  Other than that  it  s great ,20.0,,,1,
Pandora - Streaming Music & Podcasts,Loretta Smith,"April 9, 2019",5,MUSIC_AND_AUDIO,2019-04-21,its always awesome to listen for free even when you exit,11.0,1,,,
Free Music Player – Online & Offline MP3 Player,A Google User,"March 25, 2019",5,MUSIC_AND_AUDIO,2019-04-14,i do anything with this i is great,8.0,1,,,
,Jd Keilman,"April 29, 2019",3,ENTERTAINMENT,2019-05-01,nice to have at times for,6.0,1,,,
,HINDURAM SOY,"April 13, 2019",5,HEALTH_AND_FITNESS,2019-05-01,A very useful version on  I it ,7.0,1,,,
Pixel Art: Color by Number,Eduardo Chavez,"April 7, 2019",5,ENTERTAINMENT,2019-04-21,really fun and you in a good mood awesome game 10  10,12.0,1,,,
,Shuvadeep Paul,"April 28, 2019",3,ENTERTAINMENT,2019-05-01,white list my device for video streaming I am 5  1 plus and there is no way i can play in 720p or 1080p,24.0,,,,
ClassDojo,A Google User,"October 13, 2018",3,EDUCATION,2019-04-01,It want load in,4.0,,,,
Snowball.io,summer gatcha,"March 30, 2019",5,GAME_ACTION,2019-04-07,I love this game for,5.0,1,,,
Venmo Mobile Wallet: Send & Receive Money,justin bates,"March 12, 2019",1,FINANCE,2019-04-07,will not open,3.0,,,1,
DisneyNOW – Episodes & Live TV,A Google User,"March 19, 2019",5,FAMILY,2019-04-14,it  s just like the original channel all they need to add is more on,15.0,,,,1
Bowmasters,,"March 20, 2019",5,GAME_ACTION,2019-03-24,the game is awesome I  m for ur support,9.0,1,,,
Google Home,prashant anand motorcycling,"March 12, 2019",4,LIFESTYLE,2019-04-01,Its all good but the mirror link feature jitters  you need to work on it,15.0,,,1,
"Notepad - Notes with Reminder, ToDo, Sticky notes",Calvin Keyes,"March 7, 2019",5,LIFESTYLE,2019-04-07,Intuitive with a useful tag system,6.0,1,,,
IRS2Go,A Google User,"March 4, 2015",5,FINANCE,2019-04-01,Accurate Just wish my actual faster,6.0,,,,1
YouTube Music - Stream Songs & Music Videos,Daniel Glaser,"April 1, 2019",1,MUSIC_AND_AUDIO,2019-04-07,hey  like this but today  1st it when it  t the active screen on my s9,16.0,,,,
YouTube Kids,brett10lisa,"April 13, 2019",2,FAMILY,2019-05-09,and then I have to go into the each time to open again  is this a setting,17.0,,,1,
"iHeartRadio - Free Music, Radio & Podcasts",Assassin X,"March 26, 2019",5,MUSIC_AND_AUDIO,2019-04-01,you need to allow us to pick single,8.0,,,,
Fantastic Face – Daily face & Beauty Competition,Earnest Cornwell,"February 10, 2019",5,LIFESTYLE,2019-04-14,it fun i feel like going to be with it,10.0,1,,,
Roblox,Ashley Webster,"April 7, 2019",3,FAMILY,2019-04-07,Overall it is a good game but i have had it for almost a year and there are a lot of found  i still dont know how you are supposed to get and change your clothes  also when i play any game  whenever someone the chat my game up and becomes so  i know a few other people who have the same problem and sure there are a lot of other people with that problem too  if you are reading this please fix it  i love this game and want to keep it ,93.0,,,1,
Amazon Prime Video,Sulabha Selokar,"April 21, 2019",5,ENTERTAINMENT,2019-04-21,amazing but money spending,4.0,1,,,
Duolingo: Learn Languages Free,Elisa Contreras,"March 3, 2019",5,EDUCATION,2019-03-08,Me con  it  s the best,6.0,1,,,
Remind: School Communication,Marie Crump,"January 15, 2019",5,EDUCATION,2019-04-14,great to keep in to in touch with and whats happening with your academic  just knowing whats on in general ,20.0,,1,,
"Hulu: Stream TV, Movies & more",David Clayton,"April 9, 2019",5,ENTERTAINMENT,2019-04-21,It is the best by far,6.0,1,,,
,John Comix,"April 30, 2019",1,FAMILY,2019-05-01,My Account  was lost after i was searching  It just logged me out  even if i try to reset my password with my or phone number  it doesnt work  ,29.0,,,1,
Fantastic Face – Face Analysis & Aging Prediction,,"February 23, 2019",5,LIFESTYLE,2019-03-13,I love this game because you can see want you are going to be older,15.0,1,,,
"Hulu: Stream TV, Movies & more",arnaldo tirado,"March 16, 2019",3,ENTERTAINMENT,2019-04-14,Cannot login to my account from the  it that the password is incorrect  I try to change my password and the system wrong password please re  enter,27.0,,,1,
FaceApp,A Google User,"March 26, 2019",5,LIFESTYLE,2019-04-01,really cool  lots of fun,5.0,1,,,
Remind: School Communication,Lumpy Lumpkins,"March 6, 2019",5,EDUCATION,2019-05-09,Love the open communication with  So helpful  Thanks Remind ,9.0,,1,,
Fantastic Face – Daily face & Beauty Competition,A Google User,"January 27, 2019",1,LIFESTYLE,2019-04-21,This Game you to buy Premium as soon as you load it on  However  you can get a 3 day free trial  but it still your  It like a good game  due to graphics  but I would not recommend it,40.0,,1,,
,Sonny B,"April 18, 2019",4,MUSIC_AND_AUDIO,2019-05-01,still a better than music,5.0,,,,
Pandora - Streaming Music & Podcasts,A Google User,"March 29, 2019",5,MUSIC_AND_AUDIO,2019-04-14,l love Pandora music and this Pandora is what  s up,11.0,1,,,
Minion Rush: Despicable Me Official Game,A Google User,"February 23, 2019",5,FAMILY,2019-04-01,it is it to wait for 2 days,8.0,,,,
DisneyNOW – Episodes & Live TV,Maria MORALES,"March 21, 2019",1,FAMILY,2019-04-21,bring back gravity take back the,6.0,,,,
Spotify - Music and Podcasts,Simon Sadler,"March 7, 2019",1,MUSIC_AND_AUDIO,2019-03-09,for and this  until the last couple of  randomly and music stopping  sometimes  sometimes now for no apparent reason particularly when phone screen is locked  s9  Also now cannot control via car Please sort it out,36.0,,,1,
Battle Royale: FPS Shooter,A Google User,"March 28, 2019",5,GAME_ACTION,2019-04-07,It  s a game i think it  better than but had to delete cause of violence you know gun  s  It  s like your call of duty black 2  cod,30.0,,,,
"Pixel Art: Color by Number, Pixel Color",A Google User,"March 9, 2019",5,ENTERTAINMENT,2019-04-01,I love it,3.0,1,,,
Roblox,FLAME々 SRUJAN,"May 9, 2019",5,FAMILY,2019-05-09,i have a new and the is use full because i it we can create a new play new that is awesome and i say my is progamingmaster32 friend me i am very honest,34.0,,,,
Kick the Buddy,A Google User,"March 29, 2019",5,GAME_ACTION,2019-04-01,it is a really good and fun,7.0,1,,,
Minion Rush: Despicable Me Official Game,Christopher Coleman,"March 8, 2019",5,FAMILY,2019-04-21,One of the all time best,6.0,1,,,
Tinder,Naqeeb Ahmad,"April 11, 2019",1,LIFESTYLE,2019-04-21,its very bad,3.0,1,,,
PayPal Mobile Cash: Send and Request Money Fast,Sébastien PREEL,"April 4, 2019",1,FINANCE,2019-04-07,Excellent  en plus c  pour sports ,6.0,1,,,
TurboTax Tax Return App – Max Refund Guaranteed,Zairfan Lancaster,"February 2, 2019",1,FINANCE,2019-04-14,horrible waste of time  i had to delete a bunch of good stuff on my phone just to fit this and it never worked wouldnt let me take a pic of my w2s or let me type it in it would change what i  useless,45.0,,,1,
Chase Mobile,Nicholas Gabriel,"March 26, 2019",3,FINANCE,2019-04-07,does not on android q,5.0,,,,
Sniper 3D Gun Shooter: Free Elite Shooting Games,Jithin Kalathil,"April 5, 2019",5,GAME_ACTION,2019-04-07,nice game i,3.0,1,,,
Kick the Buddy,KOTAMMA BOJJAGANI,"April 18, 2019",5,GAME_ACTION,2019-04-21,So interesting game,3.0,1,,,
Zelle,Sarah Duncan,"June 3, 2018",3,FINANCE,2019-04-07,Works good as long as you are connected to  if not my never go through,15.0,,1,,
TurboTax Tax Return App – Max Refund Guaranteed,Alvin Michael,"March 17, 2019",1,FINANCE,2019-04-14,Hidden that require essentially starting from scratch to opt out of  When I was finally ready to file I had over 140  worth of that were not disclosed up to that point,32.0,,1,,
Family Locator - GPS Tracker,Chris Goodman,"March 1, 2019",5,LIFESTYLE,2019-03-13,incredibly easy to use and a wonderful tool for keeping track of and family ,14.0,,1,,
,Gregory Donohue,"April 16, 2019",5,HEALTH_AND_FITNESS,2019-05-01,Much than Jenny,3.0,,,,
Ball Mayhem!,A Google User,"February 24, 2019",5,GAME_ACTION,2019-04-14,is the best game ever,5.0,1,,,
,Anta Naziri,"April 27, 2019",1,GAME_ACTION,2019-05-01,i like hell,3.0,1,,,
,solmari vanderpool,"May 1, 2019",5,FINANCE,2019-05-01,great to use and keep track of credit score ,9.0,,1,,
Amazon Alexa,A Google User,"January 13, 2019",5,MUSIC_AND_AUDIO,2019-04-01,I love it,3.0,1,,,
The PCH App,Glenn Mitchell,"March 7, 2019",3,LIFESTYLE,2019-03-13,it works well enough  without any data  but I  never won cash with  ever in my lifetime of any game  Too many pesky for my liking  Free game  mostly a fast way to rack up fast   are usually  too  shame  it could have more interesting content than medication ,48.0,,1,,
Photomath,Malaika Peters,"March 3, 2019",5,EDUCATION,2019-03-08,literally the most helpful and useful math ever ,8.0,1,,,
Zelle,A Google User,"February 22, 2018",1,FINANCE,2019-04-07,It  s the worst  Whether you use it your bank or from the which after trying for 3 to set up on my phone I am still unable to and frankly gave up trying,34.0,,1,,
Credit Karma,A Google User,"March 28, 2019",5,FINANCE,2019-04-01,Credit karma is quick and to use and Credit Karma will have your BACK TO  and it you see your hard work pay off  thank you CREDIT KARMA   ,28.0,,1,,
Lose Belly Fat in 30 Days - Flat Stomach,A Google User,"March 23, 2019",5,HEALTH_AND_FITNESS,2019-05-09,LOVE IT NO,3.0,1,,,
"Calm - Meditate, Sleep, Relax",Rebecca Vega,"January 16, 2019",5,HEALTH_AND_FITNESS,2019-03-16,I put my favorite instrumental on loop  and it me sleep through the night  Thanks Calm team ,17.0,,1,,
The PCH App,A Google User,"March 20, 2019",5,LIFESTYLE,2019-04-07,I really love the  I would be the happiest person in the world if I won ,16.0,,1,,
Toca Kitchen 2,A Google User,"February 26, 2019",1,FAMILY,2019-04-21,easy access for the most 911,6.0,1,,,
Duolingo: Learn Languages Free,Adam Sucher,"April 14, 2019",4,FAMILY,2019-04-14,send too many,3.0,,,,
IRS2Go,A Google User,"January 24, 2017",5,FINANCE,2019-04-14,let  s try u out how about I  rate u after I get my refund  The faster u are the more you get   2017,24.0,,1,,
Helix Jump,tacocatgirl 42,"March 31, 2019",5,GAME_ACTION,2019-04-01,this game is really fun and it kind of me when my day been stressful i can play this game and it me,23.0,1,,,
Ball Mayhem!,Joe Winner,"February 19, 2019",1,GAME_ACTION,2019-03-08,I it when the where one and done  now you have to win 5 to win a game its to long,21.0,,1,,
Tubi - Free Movies & TV Shows,Sean Plowman,"April 4, 2019",5,ENTERTAINMENT,2019-04-14,Wonderful free  I  found lots of cool stuff ,8.0,1,,,
Free Music Player – Online & Offline MP3 Player,Ceyanna Dobbins,"January 22, 2019",2,MUSIC_AND_AUDIO,2019-04-01,every 30  its ridiculous,4.0,,,,
Tag with Ryan,A Google User,"March 23, 2019",5,FAMILY,2019-04-21,this game is the best,5.0,1,,,
Duolingo: Learn Languages Free,A Google User,"April 15, 2019",5,EDUCATION,2019-04-21,It is a great  But sometimes it a long time to load ,12.0,1,,,
Spotify - Music and Podcasts,Nitesh Singh,"March 24, 2019",5,MUSIC_AND_AUDIO,2019-03-24,excellent to use,3.0,1,,,
Headspace: Meditation & Sleep,Sabelo Luthuli,"November 5, 2018",5,HEALTH_AND_FITNESS,2019-03-16,Very interesting indeed,3.0,1,,,
"Notepad - Notes with Reminder, ToDo, Sticky notes",James Smith,"April 1, 2019",5,LIFESTYLE,2019-04-14,great very useful and easy to use,7.0,1,,,
Amazon Prime Video,anvi poddar,"March 18, 2019",4,ENTERTAINMENT,2019-03-24,The prime original series are really good ,7.0,1,,,
Chase Mobile,Krzysztof B,"March 27, 2019",1,FINANCE,2019-04-07,Still can  t use it on my One  phone  Thank goodness for,12.0,,,1,
"Hulu: Stream TV, Movies & more",Miles Prower,"January 28, 2019",5,ENTERTAINMENT,2019-04-01,Hulu is Awesome,3.0,1,,,
Spotify - Music and Podcasts,Avijit Maity,"March 24, 2019",5,MUSIC_AND_AUDIO,2019-03-24,I love this because it best music and the quality of music is best ,14.0,1,,,
Roblox,Glenn SummerfieldJr.,"April 21, 2019",5,FAMILY,2019-04-21,i love the game  cause when I play the game I love them but I have a LOT of 1st I saw that there  s so many and I hate that but more and that broke my  A FUN GAME,40.0,1,,,
Remind: School Communication,Micca Curtis,"January 24, 2019",5,EDUCATION,2019-04-14,Good way to communicate with,5.0,1,,,
"Hulu: Stream TV, Movies & more",Aurora Uplinks,"January 11, 2019",5,ENTERTAINMENT,2019-03-24,hulu is pretty good they have now too as well as film,12.0,1,,,
,Sheldon Robinson,"April 25, 2019",5,FAMILY,2019-05-01,love learning new,3.0,1,,,
Tubi - Free Movies & TV Shows,johnus Evans,"March 17, 2019",5,ENTERTAINMENT,2019-03-24,very good lots of good,5.0,1,,,
,Erica Dawson,"April 2, 2019",5,FINANCE,2019-05-01,Banking made easy,3.0,1,,,
Tomb of the Mask,Ainsworth Brevett,"March 14, 2019",4,GAME_ACTION,2019-04-01,its pretty fun,3.0,1,,,
,Chrisna Abbott,"April 28, 2019",5,FAMILY,2019-05-01,The fact that it one  s sight and hearing  along with writing and repetition  it work very well for me ,20.0,,1,,
Fantastic Face – Daily face & Beauty Competition,A Google User,"March 21, 2019",5,LIFESTYLE,2019-05-09,i don  t have a extremely,6.0,,,,
TurboTax Tax Return App – Max Refund Guaranteed,Miles Owen,"April 7, 2019",5,FINANCE,2019-04-14,a simple experience so far  but I  m not finished yet,11.0,,1,,
Spotify - Music and Podcasts,,"March 9, 2019",5,MUSIC_AND_AUDIO,2019-03-09,premium is premium,3.0,,,,
PUBG MOBILE,karam singh,"April 14, 2019",5,GAME_ACTION,2019-04-14,tri ma de lunn,4.0,,,,
Drum Pad Machine - Make Beats,A Google User,"March 7, 2019",5,MUSIC_AND_AUDIO,2019-04-01,it is perfect,3.0,1,,,
,kimmie koko,"October 11, 2018",5,ENTERTAINMENT,2019-05-01,Love it Can  t Leave It Alone  ,7.0,1,,,
Spotify - Music and Podcasts,Moivin Antony,"March 8, 2019",4,MUSIC_AND_AUDIO,2019-03-09,Can I please use f  debit card to get premium  Who is that who decided not to put pay debit card option in the  I  m very excited that finally is in  love u team  support debit card payment option  i really need premium account ,45.0,,,,1
Unicorn Slime Maker and Simulator,A Google User,"March 12, 2019",5,LIFESTYLE,2019-05-09,I love this one and I love it when you make it,12.0,1,,,
"iHeartRadio - Free Music, Radio & Podcasts",Duritha Nash,"April 21, 2019",5,MUSIC_AND_AUDIO,2019-05-09,This is Amazing i can use this all the time,10.0,1,,,
IRS2Go,rwanzo1,"March 18, 2017",5,FINANCE,2019-04-01,It you know when a refund is being ,8.0,,,,
Samsung Health,Shahzad Ali,"April 4, 2019",5,HEALTH_AND_FITNESS,2019-04-21,this is the best for daily  and all type of I really this ,13.0,1,,,
Pixel Art: Color by Number,A Google User,"March 22, 2019",5,ENTERTAINMENT,2019-04-14,it so much fun,4.0,1,,,
Drum Pad Machine - Make Beats,,"February 24, 2019",5,MUSIC_AND_AUDIO,2019-03-09,you can some fire on life ,6.0,,,,
CVS/pharmacy,Kenneth Rent Jr,"January 18, 2019",5,HEALTH_AND_FITNESS,2019-04-14,the is very user friendly  haven  t done this but would love it if I could pay for my and pick them up while shopping ,25.0,,1,,
Samsung Health,Mark Fry,"April 21, 2019",5,HEALTH_AND_FITNESS,2019-05-09,It  s a simple that works in the background  but still me to keep track of any exercise that I do ,21.0,,1,,
PBS KIDS Video,Amelia Baltazar,"August 9, 2017",5,EDUCATION,2019-04-14,Because you could,3.0,,,,
,Tumelo Jojo,"April 30, 2019",5,MUSIC_AND_AUDIO,2019-05-01,music is my energy,4.0,,,,
Free Music Player – Online & Offline MP3 Player,Owen Wells,"December 3, 2018",5,MUSIC_AND_AUDIO,2019-03-09,It is good but a lot of show up all the time but that  t bother me so its a great,21.0,,1,,
Headspace: Meditation & Sleep,Sanjay Saini,"March 26, 2019",5,HEALTH_AND_FITNESS,2019-04-14,It is good but I can  t pay  It is very  but it beat thanks you,16.0,,1,,
Drum Pad Machine - Make Beats,A Google User,"March 13, 2019",3,MUSIC_AND_AUDIO,2019-04-01,I love it,3.0,1,,,
DisneyNOW – Episodes & Live TV,Avi loves art Griffin,"November 20, 2018",5,FAMILY,2019-03-24,I grew up with ,4.0,,,,
Apple Music,A Google User,"February 16, 2019",5,MUSIC_AND_AUDIO,2019-04-14,its great for on the go music and i really enjoy it,12.0,1,,,
Credit Karma,Bonny Martinez,"April 29, 2019",5,FINANCE,2019-05-09,I love it  it  s the best,7.0,1,,,
SoundCloud - Music & Audio,Thy Thot Slayer,"April 10, 2019",5,MUSIC_AND_AUDIO,2019-04-14,i like the type of music they feature on this and the is pretty cool,15.0,1,,,
Ms.Sibyl - See Future Me,yeet wet,"March 8, 2019",1,LIFESTYLE,2019-05-09,its bad i have to pay i have no money,10.0,,1,,
YouTube Music - Stream Songs & Music Videos,Nikesh Yadav,"May 1, 2019",5,MUSIC_AND_AUDIO,2019-05-09,Are The Song Very Good I love this,8.0,1,,,
Chase Mobile,Angela Blackmon,"April 20, 2019",5,FINANCE,2019-04-21,Good way to keep up with daily balance,8.0,,1,,
Tinder,Ken Samic,"April 13, 2019",1,LIFESTYLE,2019-04-21,So I had a problem upon entering the and I cannot retrieve my old account  I had a lot of on that account and it me that I had to experience this ,32.0,,,1,
Chase Mobile,Yungly Ngo,"March 18, 2019",1,FINANCE,2019-04-07,fingerprint sign in  t work for me,7.0,,,1,
Amazon Prime Video,Jakob Jørgensen,"May 6, 2019",1,ENTERTAINMENT,2019-05-09,I hate the main character of Top Gear  is for everything  which is wrong with humanity  He give a about the planet  He  s just worried if his car will have 6 or 7  So I open up this and see this guy  I get a very negative feeling,49.0,,1,,
Apple Music,Ethan Rombal,"February 27, 2019",3,MUSIC_AND_AUDIO,2019-04-01,all the music I want however some very irritating that make it harder to use ,15.0,,,1,
Free Music Player – Online & Offline MP3 Player,A Google User,"March 20, 2019",5,MUSIC_AND_AUDIO,2019-05-09,love this so much you should get this,8.0,1,,,
Drum Pad Machine - Make Beats,Devin Palmer thecallofdutypro,"April 24, 2019",5,MUSIC_AND_AUDIO,2019-05-09,I love it,3.0,1,,,
STARZ,Sarah J Lee,"December 10, 2018",1,ENTERTAINMENT,2019-03-24,Never got past the initial moving box screen  Over and over and over ,13.0,,,1,
,Dayana Benites,"April 7, 2019",4,FAMILY,2019-05-01,I love watching Channel,4.0,1,,,
,Montanah Coleman,"February 12, 2019",4,EDUCATION,2019-05-01,i love this,3.0,1,,,
Photomath,re'am h1,"April 7, 2019",5,EDUCATION,2019-05-09,this is really good  this is helping me a lot  i love it ,13.0,1,,,
PBS KIDS Video,Misoka Nakayama,"November 5, 2018",5,EDUCATION,2019-04-14,What are the best I think I  ever come across especially for my thank you so much public system,19.0,,1,,
Google Home,Robert Lynch,"February 25, 2019",5,LIFESTYLE,2019-03-24,very interesting tho and will say more in due time ,10.0,1,,,
,Madison Stanula,"April 24, 2019",1,FINANCE,2019-05-01,every time I try n use it it there  s an issue with my payment and it never only works with like 2,23.0,,,1,
Tomb of the Mask,,"February 24, 2019",5,GAME_ACTION,2019-03-08,its very fun,3.0,1,,,
"Notepad - Notes with Reminder, ToDo, Sticky notes",I'm Jason,"February 5, 2019",5,LIFESTYLE,2019-03-13,i really like this ,4.0,1,,,
Spotify - Music and Podcasts,,"March 23, 2019",5,MUSIC_AND_AUDIO,2019-03-24,I have used for the past 6 and just now making a review  Other will update and then become terrible  but always been with my music  instead of the whole interface  Music is great the price is amazing  you can pick and choose your own music with premium and even the free version is great  It is to my music taste so even if not listening to my song i listen yo other great that are similar,77.0,,,1,
YouTube Music - Stream Songs & Music Videos,Mayuri Lakhani,"March 22, 2019",3,MUSIC_AND_AUDIO,2019-04-01,was waiting for this for so long  should be a free service as other or should have even lower  should have a link to the page to see other by the same,32.0,,,,1
Apple Music,PAOLO BRISTOW,"March 3, 2019",3,MUSIC_AND_AUDIO,2019-05-09,Some I can  t add to my  I can add them to my library perfectly fine  but when I try to add it to my it just add 0 to,30.0,,,1,
Netflix,Archilyn Ladesma,"April 19, 2019",1,ENTERTAINMENT,2019-04-21,you need a credit card to pay the  and that  s not good huh,14.0,,1,,
Fantastic Face – Daily face & Beauty Competition,Matthew Culmer,"March 24, 2019",1,LIFESTYLE,2019-04-14,Not a fan of  free  that turn out just to be  Put it in the title ,16.0,,,,
Sweatcoin Pays You To Get Fit,Laylay Allen,"February 15, 2019",5,HEALTH_AND_FITNESS,2019-04-14,really cool  you cant money to u but they have cool and motivate me to walk more honestly ,18.0,,,,
Fantastic Face – Daily face & Beauty Competition,A Google User,"March 1, 2019",4,LIFESTYLE,2019-04-21,it was i,3.0,,,,
,Kristin Stephenson,"April 27, 2019",5,GAME_ACTION,2019-05-01,the game is amazing but I think it would be nice if it had more ,15.0,1,,,
Battle Royale: FPS Shooter,Sophia Yaffa,"April 18, 2019",1,GAME_ACTION,2019-05-09,its so bad i hate it ,6.0,1,,,
Tomb of the Mask,Christian Mendoza,"March 19, 2019",1,GAME_ACTION,2019-04-07,really good game but I can give it one star why do we have to pay for it if we  re just for free why do we have to pay for more,32.0,,1,,
The PCH App,Ella Morris,"May 2, 2019",2,LIFESTYLE,2019-05-09,always interrupting me with  Never won any thing have done mail in since 1980  s  Nothing  Thanks,17.0,,1,,
"Notepad - Notes with Reminder, ToDo, Sticky notes",Gavin Roach,"January 31, 2019",5,LIFESTYLE,2019-03-24,i use it to note my,6.0,,,,
PayPal Mobile Cash: Send and Request Money Fast,Shareen Beech,"April 7, 2019",5,FINANCE,2019-04-14,is easy to use  safe  I use to send money to  family  It is almost instantaneous  I receive receipts in my of funds sent or received  so does the other party  This is great ,34.0,,1,,
Quizlet: Learn Languages & Vocab with Flashcards,Hasan O,"February 19, 2019",5,EDUCATION,2019-03-08,Great learning and memorization tool ,5.0,1,,,
Credit Karma,Kevin Farmer,"March 16, 2019",5,FINANCE,2019-03-24,you all the information you need to make your credit better  its convenient and quick ,15.0,,1,,
Remind: School Communication,Donna Owens,"February 17, 2019",5,EDUCATION,2019-04-07,Great way to get all the information you need in an efficient manner ,13.0,,1,,
Fantastic Face – Daily face & Beauty Competition,Gem Hunters,"February 1, 2019",1,LIFESTYLE,2019-04-14,horrible you have to something to actually use the thing in the ad you should make some thing free and some you have to watch a video,27.0,,1,,
Ms.Sibyl - See Future Me,Jeramiah Nelson,"March 25, 2019",1,LIFESTYLE,2019-04-07,not free  only free trial  be honest with advertising and get this is the right section ,16.0,,1,,
"iHeartRadio - Free Music, Radio & Podcasts",carlton bauer,"March 11, 2019",5,MUSIC_AND_AUDIO,2019-03-24,A piece of home while overseas,6.0,,,,
Pixel Art: Color by Number,Mary K,"April 16, 2019",5,ENTERTAINMENT,2019-04-21,Awesome new  Thank you ,4.0,1,,,
Venmo Mobile Wallet: Send & Receive Money,Roberta Maldonado,"March 22, 2019",5,FINANCE,2019-04-01,easy to use  very handy ,5.0,1,,,
STARZ,A Google User,"March 10, 2019",5,ENTERTAINMENT,2019-04-21,the anime is could use more of a selection,9.0,,,,
,Delenia Moore,"December 17, 2018",5,HEALTH_AND_FITNESS,2019-05-01,Get it  Won  t regret it  Love it ,8.0,1,,,
Netflix,Harsimran Kaur,"April 5, 2019",4,ENTERTAINMENT,2019-04-07,pretty good  However it will be nice to have some kind of genre ,13.0,,,,1
YouTube Music - Stream Songs & Music Videos,Dan Engbers,"March 25, 2019",4,MUSIC_AND_AUDIO,2019-04-07,Good  I like that Android Auto is officially now  Only complaint is that I have to search for and start from the beginning every time I fire up the in AA  I only use Music for streaming hour long  so it a little old listening to the same 20 every time I go to work  No other here,58.0,,,1,
PayPal Mobile Cash: Send and Request Money Fast,Alan Miller,"April 3, 2019",5,FINANCE,2019-04-07,it is a great way to make and support my,10.0,1,,,
,yrrehc añep,"April 24, 2019",1,GAME_ACTION,2019-05-01,i hate this ,3.0,1,,,
,Kristine R,"March 26, 2019",1,FINANCE,2019-05-01,over an hour update still not,6.0,,,1,
Credit Karma,Robert Reid,"February 22, 2019",5,FINANCE,2019-03-08,great and works very well,5.0,1,,,
STARZ,Tanya Stevens,"October 7, 2018",5,ENTERTAINMENT,2019-04-01,I had to stay in a basement for a short while and out of all the movie I have was the only one that consistently and kept me happy  Great ,30.0,,1,,
,Kapil Kaushik,"April 15, 2019",1,HEALTH_AND_FITNESS,2019-05-01,would keep failing for no reason when u disable power saving mode  This is a known issue with the with many people that the the phone is rooted even when it  t  it  s disgusting that you are people to call and log an issue when the issue is widespread  if you cannot develop an that can run fine on your own top of the line then sorry but you are doing it wrong  It the phone UNUSABLE  Better solution  no more for me ,84.0,,,1,
Zelle,Kentavious Williams,"April 30, 2019",1,FINANCE,2019-05-09,It wont allow me to access their with my phone number and i just sent some money the day before  customer service  they blamed it on my phone carrier and My phone carrier said my service is intact  For the record a negative 5,44.0,,,1,
Amazon Prime Video,Dee da kxdd,"May 1, 2019",4,ENTERTAINMENT,2019-05-09,its mostly pretty great i have premium so yeah,9.0,1,,,
Bitmoji – Your Personal Emoji,Anita Williams,"April 6, 2019",5,ENTERTAINMENT,2019-04-07,i like it,3.0,1,,,
Drum Pad Machine - Make Beats,Amaan Mohammed,"April 8, 2019",5,MUSIC_AND_AUDIO,2019-04-14,it  s the best I can  t stop it ,9.0,1,,,
Duolingo: Learn Languages Free,Fvck Kpop,"April 7, 2019",5,FAMILY,2019-04-07,a mi familia el,4.0,,,,
Lose It! - Calorie Counter,A Google User,"June 22, 2018",5,HEALTH_AND_FITNESS,2019-04-07,Great i love it but needs a little touch up in of workout and some ,15.0,,,,1
Family Locator - GPS Tracker,Kika Dancy,"March 14, 2019",1,LIFESTYLE,2019-04-01,You are very unprofessional i been for help and clearly getting  plain garbage literally i need this to make sure i know where my is and getting nothing from you  You don  t one star ,35.0,,1,,
Minion Rush: Despicable Me Official Game,Monaliza Ariff,"March 29, 2019",5,FAMILY,2019-04-14,Superb  fun and I like the of suggesting for difference ,10.0,1,,,
Credit Karma,patrick balfour,"March 18, 2019",5,FINANCE,2019-03-24,Easy to use  it  s free  and needs to be a necessity for everyone ,14.0,1,,,
Minion Rush: Despicable Me Official Game,A Google User,"March 27, 2019",5,FAMILY,2019-04-14,it  s a great game but I don  t know how to play without the,15.0,1,,,
Drum Pad Machine - Make Beats,mr Lindgren,"April 13, 2019",5,MUSIC_AND_AUDIO,2019-04-14,this is the best thing that I  ever seen,9.0,1,,,
WildCraft: Animal Sim Online 3D,A Google User,"January 14, 2019",4,FAMILY,2019-04-14,It Is Very Good  Well  Other Than It On  Please Fix It  I Want To Join My But It Wont Let Me  Every Time I Go To Get On  It  I Tried Re  It Over And Over  But It Does The Same Thing   If You See This  Please Fix It P  S  I Love All Of Your  Just Fix This Little Bug  ,62.0,,,1,
Samsung Health,Mocheri B.,"April 2, 2019",2,HEALTH_AND_FITNESS,2019-04-07,Ever since the update it  t sync my sleep schedule with my gear fit 2,15.0,,,1,
Fresh EBT - Food Stamp Balance,Ethel Harper,"March 31, 2019",5,FINANCE,2019-04-21,this me a lot  for when you need to see your amount  to see what and where you spent it plus it help u to spend a little at a time  thanks Fresh ,33.0,,,,1
Tag with Ryan,,"December 23, 2018",5,FAMILY,2019-03-24,this is amazing,3.0,1,,,
Samsung Health,michelle,"March 10, 2019",5,HEALTH_AND_FITNESS,2019-04-01,awesome just wish there was a reminder when you sedentary,10.0,,,,1
Tag with Ryan,sridhar vempali,"December 29, 2018",1,FAMILY,2019-05-09,Just a worse subway for money by this greedy toy family  cash grab ,13.0,,1,,
Fantastic Face – Face Analysis & Aging Prediction,Jelinda Millgate,"February 19, 2019",1,LIFESTYLE,2019-03-13,SCAM  My child thinking it was free but is only a free 3 day trial and we ended up getting a  45 monthly subscription which doesnt come up as anything on your bill  I had to go looking to find what the charge was for,45.0,,1,,
,Soy Fish,"January 3, 2019",5,HEALTH_AND_FITNESS,2019-05-01,Life and life saving ,4.0,1,,,
"Notepad - Notes with Reminder, ToDo, Sticky notes",Gemma Foster,"February 19, 2019",5,LIFESTYLE,2019-04-21,clean and organized for my,5.0,,,,
Tinder,Brendan Fernandes,"April 10, 2019",1,LIFESTYLE,2019-04-14,honestly I  m not bad  but something must be up  t right  I have to swipe through at least 500 before I get a match  and the I start generally get left hanging  These are obviously getting way more than you think  at the end of the day thats why I really  t looking for The Tinder exclusive  Especially if its already to work  enjoy  disappointed in Tinder,68.0,,1,,
Lose Belly Fat in 30 Days - Flat Stomach,Surya Ravindra,"March 6, 2019",5,HEALTH_AND_FITNESS,2019-04-01,This is very nice but instead of other language also use like  for some people  But this is very good ,20.0,,,,1
Headspace: Meditation & Sleep,Rosi Porter,"December 12, 2018",3,HEALTH_AND_FITNESS,2019-04-21,Shame this is a bit  progress lost on 2 I was taking today  As an improvement it would be good to daily and go back to them  Apart from that the anxiety course was excellent and me a lot  I also enjoy the walking but  Calm your  does not work   I have checked I have the latest version of the,60.0,,,1,
Credit Karma,,"February 25, 2019",5,FINANCE,2019-03-08,Awesome  Love Credit Karma ,4.0,1,,,
Sweatcoin Pays You To Get Fit,Charles Porzelt,"February 11, 2019",5,HEALTH_AND_FITNESS,2019-04-07,They have I can use at a reasonable amount of Have bought 3 in the last week,17.0,,,,
,Marwin Joseph Catindig,"March 24, 2019",5,HEALTH_AND_FITNESS,2019-05-01,If I will upgrade into premium  will I be billed monthly or annually ,13.0,,,,
Amazon Prime Video,Vaibhav Chauhan,"April 13, 2019",3,ENTERTAINMENT,2019-04-21,Latest contents are not present  People take subscription so that they could watch than on T  V  but the content is not up here  Disappointed ,25.0,,1,,
,Damian Newton,"April 30, 2019",5,FAMILY,2019-05-01,its so so cool,4.0,1,,,
,Heather Begley,"April 27, 2019",5,LIFESTYLE,2019-05-01,Love this  very accurate and our family keep up with one another during the day  Great for of teens ,19.0,,1,,
Amazon Music,Jeremy Laborde,"March 31, 2019",2,MUSIC_AND_AUDIO,2019-04-01,I don  t like that the is hard to turn off  and yes  it  s clearly intentional  It like a virus  and this with time  Use free Prime Music and it constantly you to upgrade  I got without my consent  probably accidentally hit the accept button one of the 100 times it to upgrade,54.0,,,1,
,A Google User,"March 13, 2019",5,HEALTH_AND_FITNESS,2019-05-01,I always like because service,5.0,1,,,
Samsung Health,xisnipe4food,"March 29, 2019",1,HEALTH_AND_FITNESS,2019-04-01,for some stupid reason  this 2 days ago the stopped counting my or working pretty much at all  stopped around 4pm  t 1 single step since then  no waiting so I take it y pu have a bug  how about you fix this,43.0,,,1,
Ball Mayhem!,Sharod Dixon,"March 17, 2019",4,GAME_ACTION,2019-04-07,it is but i wish they could have but the game is good 4  5,15.0,1,,,
,Alliyah Wooten,"April 24, 2018",1,FINANCE,2019-05-01,This was very unhelpful,4.0,1,,,
Quizlet: Learn Languages & Vocab with Flashcards,Matthew Fisk,"March 7, 2019",5,EDUCATION,2019-04-14,Very great  really me study when I don  t have my computer to access the site ,16.0,,1,,
Bitmoji – Your Personal Emoji,Rikki Vaydor Vedder,"March 28, 2019",5,ENTERTAINMENT,2019-04-01,its  its awesome  it is also my preferred language ,9.0,1,,,
Pinkfong Baby Shark,Kent Gaming,"October 24, 2017",5,EDUCATION,2019-04-07,Thanks for making this my nese it,7.0,1,,,
Drink Water Reminder: Water Tracker & Alarm,Tami Douglas,"April 14, 2019",5,HEALTH_AND_FITNESS,2019-04-21,i find it hard to believe how the know i need to drink water because when it said i must drink water i really need the water for truth ,29.0,,1,,
Snowball.io,Lily Nist,"April 19, 2019",5,GAME_ACTION,2019-05-09,It  s fun  I wish I  t have to pay to remove,12.0,1,,,
Tag with Ryan,AJ Ripple,"February 16, 2019",2,FAMILY,2019-04-01,game  but it old real fast  nothing on it really much so it is very repetitive ,16.0,,1,,
,Becky Hopkins,"April 22, 2019",1,ENTERTAINMENT,2019-05-01,I don  t use it don  t want it,9.0,1,,,
Calorie Counter - MyFitnessPal,Jackie MacFarland,"March 27, 2019",5,HEALTH_AND_FITNESS,2019-04-14,great for keeping up with daily caloric intake  easy to find and log food  easy to creat too  and this is just the free version ,25.0,,1,,
Google Classroom,,"October 18, 2018",3,EDUCATION,2019-03-24,I think this is,4.0,,,,
Sweatcoin Pays You To Get Fit,Ronny Redd,"April 3, 2019",4,HEALTH_AND_FITNESS,2019-04-14,got taken care of pretty quick ,6.0,,,,
Tubi - Free Movies & TV Shows,Raymond Tucker,"April 29, 2019",5,ENTERTAINMENT,2019-05-09,easy to use  a real asset to in particular ,9.0,1,,,
,Melissa Williams,"February 25, 2019",5,LIFESTYLE,2019-05-01,this is really good,4.0,1,,,
Duolingo: Learn Languages Free,darious kilgore,"April 12, 2019",5,FAMILY,2019-04-14,this is very good for learning other  it really ,9.0,1,,,
Fresh EBT - Food Stamp Balance,Danielle Fitzgerald,"March 5, 2019",5,FINANCE,2019-03-24,love it  so easy  i no longer have to check my balance over the phone  awesome ,16.0,,1,,
"Hulu: Stream TV, Movies & more",Bianca Louise,"January 21, 2019",4,ENTERTAINMENT,2019-03-24,great for your favorite  frequent for the price but I  gotten used to it  But please  please make a option like  of the times I  m in a poor service area at work when i want to kill time on or during and my don  t load ,47.0,,,,1
ABCmouse.com,Yvonne Austin,"October 11, 2018",5,EDUCATION,2019-03-24,I love this,3.0,1,,,
ClassDojo,Rachel Matos,"October 15, 2018",5,EDUCATION,2019-03-08,This is good for to communicate with my  This is also good to enjoy the my child  in school while doing her in class ,24.0,,1,,
Ms.Sibyl - See Future Me,Heidi B,"February 22, 2019",1,LIFESTYLE,2019-03-13,if you have to pay for everything dont bother marking it as a free,14.0,,1,,
Love Poly - New puzzle game,A Google User,"March 10, 2019",5,FAMILY,2019-04-01,its beautiful  only downside is advertising between,7.0,,1,,
Lose It! - Calorie Counter,A Google User,"February 27, 2019",5,HEALTH_AND_FITNESS,2019-04-07,I have tried to lose weight before with little success  Then I got this and I have lost 40  and still losing  I am in on my goal  thanks to  Lose It,32.0,,1,,
Duolingo: Learn Languages Free,Gustavo Salgado,"March 25, 2019",5,EDUCATION,2019-04-01,Really good for ,3.0,1,,,
Lose Belly Fat in 30 Days - Flat Stomach,A Google User,"March 13, 2019",1,HEALTH_AND_FITNESS,2019-04-21,It is my first time to use this  see who it is  ,12.0,,,,
Amazon Prime Video,Hemlata Shahabadi,"March 23, 2019",5,ENTERTAINMENT,2019-03-24,I love it,3.0,1,,,
Helix Jump,R Adkins,"March 26, 2019",5,GAME_ACTION,2019-04-01,fun fact it  s fun,5.0,1,,,
Roku,Melanie Vargas,"March 24, 2019",2,ENTERTAINMENT,2019-04-14,I dont stay in and wont work everyday  I love how it on my phone when I to work,19.0,,1,,